8.669911873271505698e+00,9.196815206577015900e+00
3.354244547483261840e+00,6.214969159699548662e+00
4.967009462403553677e+00,2.980265140219302999e+00
1.210098550832260855e+01,3.646523969318341774e+00
3.313897984586385181e+00,3.078918332210345277e+00
8.156946065565744419e-01,4.722443639285577532e+00
5.687750241882762126e+00,1.060184424080037502e+01
9.961012102030348814e+00,4.955279319221267187e+00
1.006564754310270260e+01,4.531347769565319261e+00
3.667919405087788576e+00,9.575263487602029500e+00
5.554193851555901063e+00,6.543965913284223390e+00
4.196908959025988040e+00,3.183551102670632904e+00
6.796297908888577766e-01,1.398392035225888286e+00
9.622225560897062380e+00,8.165701962569112737e+00
7.543272274039756198e+00,9.977968505461948467e+00
4.733967434614188008e+00,8.087995070165368006e+00
3.984193696825763187e+00,-2.677834500619216129e+00
5.945233895588386552e+00,5.544569093398597381e+00
8.043484746513605899e+00,7.780708709183457472e+00
6.047375995374542512e+00,5.797436768204851987e+00
5.455562970338394102e+00,3.377510642793530415e+00
4.291031481142669080e+00,5.062757805978550074e+00
2.516826353686122619e+00,3.404867401305212038e+00
3.737198991018096716e+00,7.013928094402986702e+00
9.127303576078455549e+00,5.933750778341704724e+00
7.052222432694660981e+00,7.531437482345159751e+00
8.013199799604342033e+00,5.077344326289386700e+00
4.258570663395616407e+00,9.498254983665733064e+00
4.149337996737219925e+00,4.513025002339441372e-01
4.640339568429748596e+00,6.848651057241175621e+00
7.402373171732512525e+00,5.627852951802431392e+00
3.484373776870095085e+00,3.923462282053412409e+00
6.294667819090644656e+00,8.680009848862116684e+00
-1.447741185248528240e+00,2.491848816282679291e+00
1.159583445513185396e+01,-1.041836915297001731e+00
4.118372808876368474e+00,4.684580777132591578e+00
6.502758405638005001e+00,6.496265135746101649e+00
7.581519725236023355e+00,1.081797702269723160e+01
8.459701740047265162e+00,2.646123696738222453e+00
8.245540855178891348e+00,4.649939508656616205e+00
8.774980433674041791e+00,6.963167051903951688e+00
1.043899149704010121e+01,8.901157651494267853e+00
5.631969282136677357e+00,5.436035818322896063e+00
8.108236279469471341e+00,8.412946369235239530e+00
8.947882168715338480e+00,8.293705448808683656e+00
6.705258061981986373e+00,8.500293398927032840e+00
6.519816108405240840e+00,2.035961744508663518e+00
5.857230969825992339e+00,9.184148498362146640e+00
3.665038154838925255e+00,1.269956816661445842e+01
6.029724859711124374e+00,6.484063741960150118e+00
3.552787529383170106e+00,1.145714319582550900e+01
9.488840471190286507e+00,2.074239019127359196e+00
5.566690982143172484e+00,9.222057963316441231e+00
2.835403331431491036e+00,6.265175527636175801e+00
4.355229875268364026e+00,9.434511307282164694e+00
4.173965160688273279e+00,5.632726995883989396e+00
6.384440676543143844e+00,7.962347439531207272e+00
5.220607976756286739e+00,1.392365075390299189e+00
5.356532861764140563e+00,1.092074841171939958e+01
1.074513093797996532e+01,3.309423400488938238e+00
1.045813737851900882e+01,1.141141017747471942e+01
8.919915297770403484e+00,9.735291819959408954e+00
6.622571588562347955e+00,6.026542837620220361e+00
1.245849000764954440e+01,8.750671910674835630e+00
4.113275596629474506e+00,7.887218603717766285e+00
7.251925595593767149e+00,2.867367962760096312e+00
4.763469528763543792e+00,3.521316882271737114e+00
2.618005850235634480e+00,1.885021705855819185e+00
4.773624896001013695e+00,9.869306313146418930e+00
4.706583618959956361e+00,3.116812507848064406e+00
4.087400428528443541e+00,5.339030317052768204e+00
9.236798237705624359e+00,7.618428010778347748e+00
7.913457302238096069e+00,9.958127861691171034e+00
6.974172683498951919e+00,2.866997350724887816e+00
8.846013896498645224e+00,9.250366200999010857e+00
7.975233286091201634e+00,9.431428229491492843e+00
7.574189126707269182e+00,1.294976996362087185e+01
5.662429121285554423e+00,7.442838180142812732e+00
5.349173461798123697e+00,6.275223797915389312e+00
7.403808173434359041e+00,9.913371997704702565e+00
1.077519424798369130e+01,4.816987400465466251e+00
3.362765999903353009e+00,1.038870027121634010e+01
6.008271111452196500e+00,6.066228582259496349e+00
4.599766764931717766e+00,7.867537146142256077e-01
3.421554457987721509e+00,7.654176755369042517e+00
5.716887692604907478e+00,9.708620419375913357e+00
1.271869986543730846e+01,5.964324371052330598e+00
6.031395321408545840e+00,8.070315433408250527e+00
6.648355118841203115e+00,2.656295817408691029e+00
4.626719628778260152e+00,8.194875836975059613e+00
6.784143344141280174e+00,6.790066445047832744e+00
7.242798453929315983e+00,3.010965279183459575e+00
9.724736275998999702e+00,8.242412746401964085e+00
3.264675334486803138e+00,5.286696455881742196e+00
-1.961495550220082151e+00,1.041623369003335142e+01
1.309560455100392318e+00,7.536567743006054698e+00
4.448850221319149867e+00,1.190667983955494513e+01
4.360180272759523135e+00,1.282575432978092067e+01
8.862846952393162780e+00,1.050192546006518768e+01
7.102021413065251920e+00,1.496021099987468794e+00
1.197179964543892083e+01,5.262208029343234728e+00
7.741809085867052964e+00,9.689216212051785959e+00
6.716767282561612262e+00,4.676297418597126665e+00
5.567567525382107085e+00,6.460300909793608604e+00
3.556681328979731660e+00,5.493507456943705236e+00
6.465797685954258966e+00,7.800581762094306981e+00
5.965124979208173528e+00,6.598715990287996824e+00
8.019156011734036582e+00,8.597429959709117497e+00
3.643091527200356783e+00,7.470573714190873460e+00
2.076213573903364029e+00,1.116676818422582862e+01
7.877999506239309113e+00,-9.141726363020907797e-02
5.522221393371725462e+00,1.107337248235906735e+01
6.552304202109448639e+00,7.343966732761581184e+00
7.789834810114304453e+00,2.172861369122585540e+00
5.469471276667460025e+00,5.170007574823848984e+00
5.199753844150873050e+00,7.684629975413963976e+00
1.991663482705082089e+00,7.065922567796167897e+00
1.280381471980109254e+01,2.079872374626883236e+00
5.920357151759819025e+00,8.456153564579711457e-01
8.420993408583465012e+00,1.701174196387781556e+00
7.101993653220910474e+00,2.693472947122404815e+00
5.587286965819894924e+00,4.141620860926671810e+00
6.323508673492095333e+00,2.350088393752097993e+00
3.498125910061396837e+00,3.107076420653767990e+00
1.046022639227304296e+01,3.825873626223315505e+00
8.376785853689439065e+00,3.686756024029885115e+00
8.440176882248620061e+00,8.440561813178579342e+00
9.168861105450133664e+00,5.876508692348180851e+00
1.410895548195973959e+00,6.768213295433448629e+00
5.801434097210176333e+00,3.763992139773514989e+00
1.031106927233966353e+01,3.698230039014316350e+00
7.071986413520749082e+00,5.345751340221786663e+00
6.521760883142187382e+00,8.214590355672317656e+00
8.007649312177287371e+00,6.111336155952608706e+00
3.714810968057147722e+00,7.622963647324119130e+00
6.504591767895611554e+00,3.387909390420174915e+00
-1.016571947043418689e-01,1.060293506741877323e+01
6.983933741942684570e+00,2.589714984238674855e+00
5.535086434946662415e+00,6.753450702110737502e+00
6.925642048789256044e+00,6.462886796521579491e+00
1.275250098258822717e+01,4.835439054684277593e+00
2.197914829030793715e+00,2.985026031807486380e+00
7.453399257408107381e+00,3.131965216873501046e+00
3.743588697098977569e+00,5.807693983658895220e+00
1.167195986342027147e+00,9.471453878544652483e+00
8.385568263907249076e+00,7.419466017074973330e+00
1.154720912260970955e+00,6.830973981439913523e+00
5.725089529614121986e+00,6.947225507077847695e+00
6.809111908440268479e+00,7.375034708820510154e+00
3.922610008027423767e+00,9.479833168418068112e+00
7.697727953927656408e+00,8.200855115344694468e+00
8.427592436562063583e+00,7.869089980798641193e+00
3.943886949669508368e+00,7.404505817650044008e+00
8.543552952558343350e+00,9.193552915803151038e+00
6.359974710292802591e+00,6.280728915689727465e+00
8.307260347789735988e+00,1.935829053548592249e+00
4.026062447339980643e+00,8.359156844542230402e+00
3.869534890987097242e+00,6.552368143623079177e+00
8.974314288318225863e+00,7.374893779241870284e+00
6.821583204371569842e+00,3.231185339576669424e+00
6.566529916394705069e+00,7.872644171657587009e+00
8.426107576844271918e+00,6.215108539320008063e+00
7.690501556351683199e+00,9.567216348641437662e+00
7.004810244143983233e+00,6.969416321103157230e+00
3.081605425142909915e+00,4.768837095452623132e+00
3.526736450056781713e+00,3.831374618193169823e+00
5.223640929264600885e+00,2.983888173460821580e+00
6.510009873977359085e+00,7.045850380325923368e+00
2.990389889445546956e+00,7.368295628896951222e+00
5.132234215098494090e+00,9.380365201462385727e+00
7.330992502961922952e+00,6.581662037957103806e+00
4.974900730198158705e+00,4.294931446167453259e+00
5.787326822895783707e+00,6.476889729844211629e+00
-1.439448673747342866e+00,6.091485791126254767e+00
5.200628965127894077e+00,1.017680134211721210e+01
4.731430768158307210e+00,1.517865985420251462e+01
6.248339731817959652e+00,1.914169525210435374e+00
3.176262058690948464e+00,1.478010337071795988e+01
2.864220201528882015e+00,7.000739865170784171e+00
9.279243489970035341e+00,2.536600871160837212e+00
1.188412175717592056e+01,4.417560445971263405e+00
5.358544966865937731e+00,3.725022973917776703e+00
6.552256401954121401e+00,1.516091587591225753e+00
6.377927728215107450e+00,6.896933399798581554e+00
4.432811039688980159e+00,9.453427785436204545e+00
6.029177068707558540e+00,6.991248586575773416e-01
5.120140097318578221e+00,4.152294192699916842e+00
1.230174414143708539e+00,7.444595616843596275e+00
1.091783727338125587e+01,4.406050564631227573e+00
3.539368245137198610e+00,6.573794608629275338e+00
6.775650199634893234e+00,8.386068855754889029e+00
3.573307767431791682e+00,2.381612776330194414e+00
8.885662858381625284e+00,1.110155650734173172e+01
9.323728231625540985e+00,7.473862101855162088e+00
7.405811474274828221e+00,2.520933230260466118e+00
1.258421427000013892e+01,4.018225540072577928e+00
7.233852672876813550e+00,4.074953378211336741e+00
6.447341409776697674e+00,5.627672381825503223e+00
6.382864861696282865e+00,8.911283996747549452e+00
6.605129628284799104e+00,1.532100813026127106e+00
9.679624169346947582e+00,8.673891738207014868e+00
7.322008526686993868e+00,8.950157154975499907e+00
5.831068453114458983e+00,8.099866504629584796e+00
5.388615266753114419e+00,1.174767343908317052e+00
1.292762144650880352e+00,1.436241811121570855e+01
8.541700668602935309e+00,1.081485009157416499e+01
5.072870305837832383e+00,3.517284948000142020e+00
7.478930045591973830e+00,8.630026296206690262e+00
5.151398837970459610e+00,6.457572606564673023e+00
3.758630925159945235e+00,2.681535347355404664e+00
2.802700398656900127e+00,2.771548800867186024e+00
-1.637181632115680685e-01,5.098741543737051352e+00
3.947466971803585967e+00,2.170564415058562791e+00
5.816449717966196253e+00,6.004708801199214463e-01
5.256912585452366393e+00,9.278407811850616582e+00
3.496071258075391874e+00,4.284711680807490097e+00
6.292569886943565116e+00,4.069159609926987997e+00
5.156905984269146259e+00,1.141350492567895891e+01
7.371467570835755545e+00,9.785216811189615171e+00
3.254702850505536205e+00,9.953572207595327015e-01
3.905142212426598203e+00,8.580900966400172081e+00
1.290883689059266359e+01,6.494474526529321778e+00
7.042185561897166934e+00,2.167236427135118326e+00
5.430761892297382154e+00,4.677935865052130993e+00
1.156485721460944838e+01,7.350019582353066738e-01
5.627096315490789813e+00,8.911138089729554679e+00
5.348948885426601407e+00,4.288986133778569965e+00
7.419873856613051544e+00,4.804588098031731036e+00
7.889975180782659692e+00,3.251868101139410161e+00
6.725043467811834041e+00,7.345549120882804317e+00
6.306246822422884257e+00,4.874816528396287652e+00
8.848289375835072690e+00,3.917037575908402847e+00
7.687807586193394549e+00,7.756491958767743000e+00
2.985977526908457413e+00,7.560565322934189147e+00
1.006459962780143336e+01,9.974578115400243306e-01
5.037651169724738587e+00,5.920886534529445022e+00
-1.538490772563161357e-02,9.601009682484058061e+00
8.366886766305917433e+00,9.385326600339283232e+00
7.566886156362904181e+00,2.092353622400215052e+00
2.317259503477364646e-01,4.517414424514287319e+00
5.795161664327087792e+00,5.606585438586129122e+00
6.011436632250534373e+00,2.258420002336837928e+00
6.472762991349644501e+00,2.238322723063487452e+00
8.791328456884279774e+00,4.749673495975204496e+00
1.025605061021969888e+01,5.510221788052220404e+00
5.785090656900594652e+00,7.276769648782819289e+00
6.447523563940242397e+00,5.151907940515876305e+00
6.990065164807155895e+00,9.032489561721021687e+00
7.520681769329706334e+00,7.042745805836963413e+00
2.273345468440973960e+00,4.515562169074414101e+00
1.276782691327195352e+00,1.635158111099669576e+00
6.326458389982602348e+00,1.942613983020446078e+00
6.861758470960479528e+00,1.089236366367604880e+01
3.492657854031647968e+00,6.413088302355006043e+00
7.020752019182733505e+00,7.017844582861030744e+00
4.629821483162954721e-01,1.538930673084478506e+00
5.850092896976365253e+00,1.198394630115487836e+01
3.806560900636365652e+00,6.575962024836521813e+00
1.076443932795590186e+01,6.141637987166705948e+00
5.822659122467571891e+00,3.713741762046230743e+00
2.193988394425852917e+00,8.317085869209037696e+00
1.178998826179857318e+01,1.697927302642058045e+00
4.641809168139936048e+00,1.094327716511001825e+01
2.067976655479698334e+00,5.470841286680307114e+00
3.978588667555320590e+00,3.247173519009230791e+00
1.130047508400040712e+01,8.835709005023838714e+00
6.414859844877867090e+00,9.835297730159394902e+00
4.936348639771097169e+00,8.981750965104335904e+00
4.007474248192632871e+00,5.758494403094748471e+00
3.564770510948309212e+00,1.090986132558209754e+01
7.140135724616117230e+00,4.672263359142385220e+00
8.587961469169488993e+00,-5.101929481736984684e+00
4.137560297635042517e+00,3.944530894942592791e+00
8.127008835922602259e+00,1.103020325350708930e+01
7.404031602896573361e+00,3.183420697923749376e+00
7.700220484721277181e+00,1.336221649858099880e+00
6.387094447125717167e+00,-3.891575786472412091e-02
6.656473080621649885e+00,1.002557875486524175e+01
5.589180010434796841e+00,7.869795159173395227e+00
1.963860439546810888e+00,7.130081794135405104e+00
5.097005379420681770e+00,8.174086395173057795e+00
8.024247010487448151e+00,9.604637806091682606e+00
5.945698271994757533e+00,5.728123591450278163e+00
-1.946750467094508608e+00,3.294459007097645387e+00
5.881426252596122950e+00,3.927364869106192646e+00
5.955907793549659601e+00,7.098294125274842159e+00
7.204832198922755282e+00,7.230443753600291679e+00
4.520437191172051783e+00,9.409379147506362173e+00
8.553551980450434300e+00,-1.049188235506426814e+00
8.741503117172133130e+00,1.105033856287202632e+01
4.892534295258188060e+00,5.295457458744562196e+00
2.641751919168775498e+00,7.885429640584594502e+00
7.983380649062860712e+00,7.583482102900212851e+00
6.385090861513198490e+00,2.819162189847416844e+00
2.859094853517743839e+00,4.979217905993989390e+00
8.038122692429940486e+00,8.665110136465870028e+00
6.968247681599883947e+00,1.044456514241384681e+01
4.962684008536626834e+00,2.357301079766209728e+00
2.428706782367304751e+00,7.020365840463771434e+00
6.140982166522340080e+00,8.333648351701206991e+00
3.618767899839211211e+00,8.119051471445361656e+00
8.265104764921277436e+00,3.444919545437537867e+00
5.570194013402942623e+00,3.004735777432458566e+00
8.490843894160530425e+00,7.568233677347606658e-01
3.017508893984766960e+00,6.095386783287546351e+00
1.233448142682449422e+01,3.417627572392261115e+00
8.913407978326334913e+00,3.758624123536673967e+00
1.664991785763510812e+00,2.930416559399052545e+00
4.694682586764872489e+00,6.748512230310927507e+00
4.600804621888070933e+00,7.380608118059957867e+00
5.611722263416778489e+00,4.917808045552463980e+00
5.376593449731301710e+00,7.721073125798502801e+00
3.157941675010188742e+00,3.388783052299529253e+00
4.242542071140586124e+00,1.982538066763862794e+00
9.011241269392547437e+00,1.045360884289542369e+01
3.566288455471306573e+00,4.146997382451980130e+00
4.832516462644744770e+00,4.672105022725848933e+00
8.132114877107937900e+00,6.762903926249940412e+00
1.882039957202587210e+00,1.881335768670533426e-01
8.407708891398160134e+00,9.846663292431159675e+00
8.441067340630471705e+00,5.553437571265912531e+00
2.963503088630059512e+00,1.161109762312308824e+01
6.337332495613360983e+00,5.886787530895611908e+00
6.355127351235335453e+00,5.620085049616718287e+00
3.248401403758664596e+00,7.182277325148779035e+00
7.835033077802473933e+00,5.677142817920662665e+00
7.521219406642703831e+00,7.845772744599944559e+00
1.175985644508051564e+01,8.433674844766064993e+00
9.557678541182495380e+00,8.847490303054357241e-01
7.420603638027922777e+00,6.051899076977928615e+00
3.407024259015795309e+00,3.283965414698971408e+00
6.053848728804588575e+00,8.094214473086111639e+00
6.480844521868768027e+00,9.246007973222990728e+00
1.125674999325184800e+01,-2.463793930503156204e+00
9.639776086281464984e+00,6.699040630206393843e+00
9.195516853536073398e+00,3.890427704814690468e+00
4.684396272514647741e+00,5.913202552009633628e+00
1.128450276785073569e+01,7.674771864577071945e+00
1.548300702711427057e+00,7.248976132244121295e+00
1.300805883614905412e+01,4.577398925171413779e+00
5.877815878538280359e+00,7.549121330294426002e+00
7.961435573219134199e+00,7.683006968322799501e+00
5.584718613747668314e+00,3.522797045615041700e+00
5.471567714302212337e+00,6.593233340106916529e-01
3.935348459587828529e+00,5.904733585001690876e+00
4.057251060640919782e+00,2.986875595633832869e+00
8.971430510886126086e+00,6.449660608620883195e+00
2.050407437761722296e+00,7.089992245353752054e+00
4.949666971131335913e+00,-2.729124653797358135e+00
5.675324074927960538e+00,7.329976837658306543e+00
7.734662759389866693e+00,5.740141971024904421e+00
7.231644229106789723e+00,7.337535908818660246e+00
4.698477392117822227e+00,3.548339684990037490e+00
7.081115572046940088e+00,3.871865172217928919e+00
5.170085323335648297e+00,2.977127189472139168e+00
7.762684582639814757e+00,7.739896934163923881e+00
2.098942271747871402e+00,7.940025458170725692e+00
7.095555489649811420e+00,-6.752082891552833033e-01
8.465100210740562403e+00,5.485082206959994267e+00
5.430760076778582857e+00,8.462654170833415535e+00
6.122030746955993585e+00,3.079373411304605401e+00
5.990263407319372568e+00,1.156203033018737436e+01
7.911419818260805314e+00,5.408528566822779382e+00
4.582963077091008586e+00,6.339670200012711199e+00
4.828048975024326950e+00,6.291107214810210735e+00
7.040388933948468875e+00,5.005122957142948081e+00
6.023892780426112203e+00,5.990387279536268039e+00
2.552765168475401136e+00,8.264725637497857491e+00
4.239794895952865517e+00,1.229459975946973316e+01
8.803490447318898404e+00,7.298919542642252622e-01
5.430535019264598695e+00,3.274854805185939632e+00
-8.264379427908643549e-01,5.355654720047466455e+00
7.383994744236071384e+00,1.270099101468799674e+00
7.461116658214839603e+00,2.658293356233122129e+00
8.245827601440200993e+00,2.597828732164999543e+00
2.742871509605504077e+00,4.600090287510353093e+00
2.579957703738305241e+00,8.390427528877699714e+00
3.893990596712201047e+00,6.702775127522617282e+00
4.462357397311170537e+00,3.465788207946351562e+00
2.700624587714333558e+00,1.326276782704332646e+01
6.716809395112559145e+00,8.037235257658505105e+00
7.224708956918918012e+00,9.464060439506180700e+00
4.412367410213856367e+00,6.694431458109644240e+00
4.484689013428774018e+00,1.133440181461507734e+01
1.107962616175531068e+01,2.453754542262872818e+00
1.191529885451636517e+00,8.249511996636973876e+00
6.033675493777828081e+00,8.120717134675823345e+00
1.612953738767938461e+00,9.647744432979209250e+00
7.667711724702536813e+00,5.246487817491264138e+00
5.192457474177738064e+00,6.934774460534947949e+00
1.312680254752344489e+01,6.355938098570072192e+00
5.407651517194203450e+00,1.082059850179330951e+01
3.701770093966576969e+00,3.209018660744841434e+00
9.630452147995587353e-01,5.445605713797236014e+00
4.895244904772635408e+00,3.545443926391689260e-01
1.037716183222117117e+00,5.867330246339315103e+00
8.062887453048265485e+00,7.980917902103995765e+00
8.827085641799950366e+00,-5.258746399326827969e-01
3.048989667567046258e+00,8.145763025713627314e+00
5.221028833442132644e+00,6.311654515566331725e+00
3.170352053172710072e+00,1.190685481974010251e+01
5.408362528549687909e+00,2.507598684493012708e+00
5.578702936827617087e+00,1.044585203371904214e+01
8.475220613752185272e+00,4.848120132215792744e+00
2.757751369341676639e+00,6.189784826742251944e+00
7.346309096139533423e+00,1.585733858693858522e-01
3.594491683690990591e+00,4.646565817832367884e+00
4.831155552907446804e+00,6.666651242654531018e+00
4.379268081983131111e+00,8.014800278699752312e+00
8.493888395379432410e+00,5.572731218705161638e+00
6.050122266266322768e+00,8.250006759628760733e+00
7.034649600152276250e+00,4.594829227881531253e+00
7.103422579664197656e+00,5.157888845945590717e+00
2.292491013224585483e+00,8.142127545602136252e+00
1.838902000618135801e+00,4.628553743223167594e+00
5.931237165859101879e+00,4.411951643065546769e+00
8.181919646162835846e+00,4.990007728659756836e+00
6.057325143541294921e+00,6.007461357221596465e+00
7.213664242883202071e+00,2.701477598416970327e+00
7.842948940261877944e+00,6.889673768188205649e+00
7.869908786661493849e+00,3.035478772316743346e+00
3.198831116454728285e+00,9.611203635521299304e+00
4.756172724464748924e-01,-1.736570978671279519e+00
2.200816812690834290e+00,9.662451899677060752e+00
6.513608038814498791e+00,-4.881433008316866662e-01
6.987142192263843476e+00,5.274020984849610905e+00
2.063203026964265607e+00,1.293395845772874964e+01
2.392287109327714045e+00,8.641987588995096559e+00
8.465050143933652294e+00,1.055030316837582482e+01
8.033116931783071735e+00,3.213379104367142691e+00
5.799812011515538934e+00,5.899835257946076439e+00
7.698936262792864582e+00,5.154108705143566560e+00
7.266068978863386540e+00,1.594660024536790566e+00
3.039260586842246870e+00,4.487906199038725674e+00
2.339870688053296899e+00,4.625535953184803262e+00
6.806574285850931716e+00,1.103854995627317237e+01
7.378609392814709622e+00,7.751121402582677788e+00
8.059933891687274254e+00,1.034397104082217744e+01
6.180527313455114857e+00,2.967789959373691389e+00
9.467475718976048782e+00,2.070020540607404147e+00
7.452574754771434939e+00,3.037943969341794226e+00
2.284090106043129786e+00,8.306112323647759865e+00
3.238076043995968156e+00,-3.397160844275939340e-01
7.016178686560758493e+00,4.728395492141181933e+00
7.414809245712378427e+00,1.631111041595172395e+00
7.361147411728362400e+00,4.071209790227588776e+00
6.697442920667857180e+00,3.305724367443559242e+00
7.645247382479650078e+00,7.949822005785210699e+00
6.760293764063980859e+00,4.411622823622435519e+00
4.812477780373718872e+00,1.091028243683302179e+01
4.602031470133668201e+00,8.452146878197089208e+00
4.278307516611010719e+00,3.359899529938969565e+00
2.483599882918375190e+00,4.651811475116755190e+00
-7.229219290065262982e-01,6.858873368306158014e+00
1.487614267940646506e+01,5.105476082907991042e+00
6.761944162179420736e+00,6.780320060285829342e-01
9.550603839330307210e-02,8.669922826331166732e+00
5.111612032296534380e+00,5.018943387224815922e+00
3.935238350787946260e+00,6.445511968744685127e+00
1.905978466349000477e+00,4.988930218089571156e+00
-5.428067277073909125e-01,2.366609409491848393e+00
6.156770822899660267e+00,1.262920884263639287e+01
-1.662621725699500175e-01,1.011616874014984546e+01
9.922398115486085857e+00,1.102218894194006893e+01
4.831637170030402828e+00,3.781824017781936664e+00
1.026215782325625447e+01,6.266509877370256554e+00
9.287351736547234893e+00,7.165573815059678608e+00
4.137332091481649599e+00,8.326090313996015624e+00
7.401920399545664608e+00,5.594182929904759405e+00
5.595765234634655805e+00,1.079532300094883368e+01
9.947450393049271256e+00,3.770094070864686397e+00
7.874717256542083987e+00,9.431282349645201180e+00
6.903439778678087002e+00,9.013562778208186188e-01
7.722275223751251083e+00,7.061718913507810669e+00
7.228348886571068554e+00,9.822591086260233695e+00
7.508992655415012152e+00,4.100265969206579264e+00
1.061136064077229513e+01,7.446402445660579517e+00
5.956839460401926800e+00,2.310421414670622120e+00
9.485080540989422104e+00,3.332317105718866301e+00
5.349454295698890860e+00,-9.463344622524614280e-01
3.172420222538963497e+00,-1.223934870356260696e+00
9.443787770442162000e+00,1.224048389009098514e+01
9.908375895345530537e+00,3.731987979106815789e+00
4.600795343051255593e+00,1.223438892161102132e+01
-1.568561890493964661e+00,8.368375989540695059e+00
7.126292815993582330e+00,6.586484323136538421e+00
1.040620911224564793e+00,2.552921768069686514e+00
9.568365039204952183e+00,5.886768084752984187e+00
7.887086328376224920e+00,1.056576005000237295e+01
7.971380583435798250e+00,4.571672579865309061e+00
9.703301803551218185e+00,1.212869311451493459e+01
1.125438597065176083e+01,1.085856572530914477e+01
8.738033094276472568e+00,6.603038867680749213e+00
1.182219264232212019e+01,4.648460559575809725e+00
4.353924005627046512e+00,4.754051741686283528e+00
1.063296669549719908e+01,9.966747723442775708e+00
6.294722169338956341e+00,2.540874606300125294e-02
7.673989595015413556e+00,8.795871631577142580e+00
1.063771495048898785e+01,4.378905708858887635e+00
8.629573741180482926e+00,9.569236068486373981e+00
1.036774583743608602e+01,6.425742862283661871e+00
2.257142802243894408e+00,6.104099762906185056e+00
1.897626138419798103e+00,4.861060649439922443e+00
5.075438213257760900e+00,8.052729223822588267e+00
6.084193288353644036e+00,4.283432182728752480e+00
7.770281613580898750e+00,-5.732233907143235996e-01
8.887360221972214092e+00,9.951936243295541829e+00
4.531378123549865578e+00,1.056755505835463183e+01
6.654091494588199929e+00,2.192080755642469292e+00
8.582219255261827939e+00,8.226231687604213860e+00
8.251149453992777438e+00,7.524163186935307834e+00
9.811451219722043149e+00,-2.062222302705436050e+00
3.408360405417148797e+00,6.143838736029439751e+00
5.524664155459684700e+00,4.861562035893081557e+00
6.284808887666148536e+00,4.868691635825761033e+00
7.292394828862249767e+00,8.025577203380354518e+00
5.021138690714120223e+00,6.475113025301212133e+00
8.840457426862275980e-01,2.038450315616352704e+00
8.792338249517925419e+00,1.189744382847528925e+00
3.866233121864250055e+00,5.026869008554802676e+00
2.371434852512692704e+00,1.039424493295956076e+01
5.580108104376749978e+00,6.346141362640779882e+00
6.356333376562581350e+00,6.023410679354654462e+00
5.518093215093020198e+00,5.591645682419907004e+00
3.001562667115836636e+00,6.514512556572854329e+00
4.200889503846157780e+00,5.190365778371571537e+00
2.461722376830347780e+00,1.105089923227207649e+01
5.008011397301641132e+00,2.917537847149997088e+00
9.714069338407751886e+00,-8.497316838816679763e-01
3.078018815441836420e+00,8.238694191616067641e+00
7.657159184435781363e+00,8.077732178782644823e+00
4.269527375436355854e+00,6.737912356220695287e+00
6.443070305039170442e+00,8.570819764072854952e+00
6.424687742736220564e+00,1.011769694310096668e+01
6.331068970593967116e+00,1.125187188920598302e+01
1.275327797758137649e+00,3.535944119682049802e+00
3.250541146455015795e+00,1.215675438570584355e+01
7.692588553356850767e+00,1.147092183960311473e+01
1.315720417214534876e+01,6.891848827145567569e+00
5.508636428074693114e+00,5.099263404127607480e+00
3.753687117645557514e+00,4.854808180738194423e+00
1.759801933026516885e+00,9.160474698211464428e+00
8.429759410728596691e+00,8.325454359121401637e+00
3.702076363993139996e+00,1.435876233710288830e+00
7.958495307744961167e+00,2.406251820378962680e+00
7.789056061920179630e+00,6.378267285124738173e+00
8.732085053716494016e+00,6.682038198162011611e+00
6.006192498713320838e+00,1.604022123754684870e+01
2.079194520519507261e+00,2.472918139260658954e+00
8.766016721696997749e+00,3.579475736571514410e+00
4.947440396755538927e+00,1.776744591179586941e+00
1.164217669213038597e+00,5.812974559821591392e+00
6.912994360041937902e+00,1.184221388632318650e+01
3.256250108300344781e+00,5.982873166887210381e+00
7.691601938377748304e+00,3.938393614984455393e+00
4.976958218143789914e+00,7.406448967117531978e+00
4.051804520162772150e+00,1.173583507017090355e+00
8.666334748022260115e+00,8.087147218603885079e+00
1.697682724348141825e+00,1.105860839755047209e+01
4.841375460928902363e+00,5.883884948864954723e-01
3.695626951159264095e+00,6.028331606717689084e+00
8.100961410312397248e+00,5.527155016933781084e+00
7.603857987198581192e+00,6.581359402394030056e+00
6.140562459411000873e+00,9.645973489179068494e+00
6.641794891702716974e+00,1.026526564852356493e+00
3.352748526528367634e+00,3.073348852841181866e+00
5.697476523768113310e+00,1.338721719768347640e+01
2.672954005062912586e+00,5.438693178584999899e+00
5.247000921158256226e+00,7.871932955756069106e+00
5.768709153639766996e+00,3.796503697293749813e+00
5.429551326774856967e+00,2.241292093727452084e+00
7.493468079887952271e+00,5.668824585467647559e+00
6.588523283142288633e+00,6.151594192935212035e+00
8.174047605036518505e+00,9.680172879371912842e+00
1.180580144007675258e+01,4.336631696767870636e+00
4.817770260530521931e+00,5.120631070800872209e+00
7.874166315480973566e+00,5.285843597416565842e+00
4.179004560633071463e+00,4.223398943757329604e+00
7.175199328845112134e+00,4.509387740881849460e+00
4.635619185442156898e+00,3.672151341579217743e+00
8.018136111286596091e+00,1.322870940791814576e+01
9.258508959655269877e+00,1.104602590999824940e+01
8.233502588897179564e+00,6.110432201518104733e+00
6.472293002382902394e+00,8.009619717651620618e+00
4.438583011775863341e+00,8.058364458171872968e+00
9.615667101551917284e+00,5.391844022806896675e+00
5.431298689136942137e+00,1.912846285585531270e+00
6.702487411137703965e+00,8.965357136872551536e+00
8.364132920290888507e+00,6.495337473609700929e+00
3.414539632762114252e+00,8.059271573658566723e+00
7.150641616029158598e+00,1.149054531208712504e+01
4.540241672922486593e+00,7.698339495357330087e+00
2.418969683042222041e+00,8.135595181367142104e+00
8.280225898857310085e+00,7.651398418081569730e+00
7.954514829675662924e+00,1.481295516614172136e+00
2.334405562677362322e+00,7.112075950656869594e+00
8.975235470597706211e+00,3.904120601419620584e+00
5.283376932648286228e+00,2.345773056830695147e+00
2.276988643612097629e+00,6.058601027967897679e+00
2.583164618019506253e+00,1.211189811658462645e+01
7.153228416643099052e+00,8.085858731102186781e+00
5.111587937849612295e+00,-2.210367506527912695e-01
9.439219631097639507e-01,9.432677718240816134e-01
5.616831464454046241e+00,1.320174252033893225e+01
7.101212367102418099e+00,7.283694718343310726e+00
2.579384150078754878e+00,-1.284492463894097547e+00
3.485648992011947556e+00,7.638032894442085663e+00
3.531337700212520136e+00,6.288836052945327992e+00
5.711170803619008751e+00,6.896691470163178295e+00
3.999931755887721874e+00,1.833274144935781003e+00
9.261284607598529561e+00,2.794662967162100387e+00
6.333797452863842103e+00,2.240835133296869675e+00
6.078684960355232647e+00,7.261822472304775289e-01
8.273159571752984220e+00,2.158876870611050602e+00
5.274383967581817600e+00,6.275890615107904580e+00
8.330135920346013023e+00,7.365538060022970512e+00
9.261355115990152598e+00,5.355774530621842722e+00
5.304513608506274736e+00,4.355533951010162497e+00
5.664115721986433094e+00,1.084266506610670433e+01
6.868961518122858934e+00,4.399749825736242848e+00
5.410544826191831191e+00,-1.283435885801371690e+00
3.026257372996485007e+00,8.332597690932979972e+00
2.294298334922244109e+00,2.280790085314622573e+00
6.629287280164072982e+00,6.602582664959134817e+00
3.242692298174127075e+00,-7.290482353633445101e-01
4.651488449472735098e+00,6.892848924378702336e+00
5.075084163816931948e+00,5.599955622238179664e+00
4.364243207991824747e+00,8.325999786939261682e+00
1.192306512077596636e+01,5.864972361951650726e+00
4.013451976389453613e+00,5.262492806033020720e+00
4.128637215055993792e+00,1.070364908861402320e+01
4.475548758323277809e+00,7.034104157347414343e+00
1.711264645049533684e+00,1.293998767494846547e+01
3.396380270555007019e+00,7.261842009796739106e+00
8.233818889638989447e+00,2.818772126589159654e+00
5.479963585514073365e+00,-2.934343052809227359e-01
1.162819107968837784e+01,5.032121833809370059e+00
4.884362451906378411e+00,1.088718484625708882e+01
1.116882621752095517e+00,3.064639619765021639e+00
4.483979242562377898e+00,4.037711830105431332e+00
9.171131978520660866e+00,8.340635830500195524e+00
3.029440061693543296e+00,8.516772975909688626e+00
4.949173498682744921e+00,7.097294075770554933e+00
2.258933146989258400e+00,6.350316536402128342e+00
6.780703919444119876e+00,9.491892313136748527e+00
8.987552355419357042e+00,4.733276809989012790e+00
4.786407503326433499e+00,5.951426577065052292e+00
5.788955062668386553e+00,7.705347984205018541e+00
1.688854692322177442e+00,7.035196443937470789e+00
4.623595394077442577e+00,5.018718920544947615e+00
4.109592915888250708e+00,4.791847660739196435e+00
3.861562943678451099e+00,4.078467541284266140e+00
9.126104182692472477e+00,7.225039616022117528e+00
2.268896036861902665e+00,-5.671132012318791382e-01
6.199952899189072220e+00,3.277233950767565851e+00
4.365856211624559613e+00,1.060010121432866548e+00
5.112845587421449345e+00,5.772977308669217322e+00
6.066160038706814639e+00,1.144019912038200459e+01
2.315700500054692856e+00,1.169031289924511796e+01
8.218664666435424593e+00,6.335767549498309670e+00
8.355814908133806895e+00,5.052734010130773612e+00
6.663778823893488301e+00,1.045604804475884464e+01
3.661019272563002414e+00,1.897870551687460328e+00
4.259144040266669151e+00,8.833102027566413383e+00
7.005710499616710329e+00,1.055761074629359975e+00
3.164721230319175405e+00,5.940959428458087999e+00
5.706635996560502022e+00,1.254120012885310054e+01
6.230364598078929284e+00,2.260019251486405700e+00
1.142757770249492921e+01,9.553970946306481693e+00
2.565144325620773991e+00,7.483508096458701964e+00
2.103509680530269321e+00,6.873125901769803647e+00
8.233260387754961940e+00,9.546696995326891866e+00
5.570196209264844711e+00,7.519816318903498775e+00
2.801380728130592690e+00,7.937422895787680233e-01
9.593767447434389695e+00,3.740068706962174971e+00
6.197036257903960177e+00,5.143236618174293007e+00
8.462564766398726235e+00,6.147320908124809691e+00
4.800916767042522793e+00,9.922419116126338423e+00
1.549318774356870598e+00,6.103870257691500711e+00
3.133107261288335277e+00,4.745986940878046845e+00
3.058775332483239850e+00,4.875978246612726608e+00
3.147602110212139426e+00,1.012185354257483105e+01
8.408270685131473243e+00,4.308716100317042219e+00
5.183309873092725617e+00,1.027985576513754928e+01
5.667850461721282151e+00,7.065242386039150446e+00
2.764692539454473685e+00,4.805473533118009399e+00
3.290441454921037234e+00,1.376002906563475037e+01
3.683951788800672311e+00,4.542966368031013502e+00
8.005730283086732513e+00,8.549169220596184005e+00
1.699099717519412245e+00,8.465383857081633323e+00
3.915517688542884844e+00,5.105449817924808897e+00
1.108670330484647515e+01,1.070965316170224924e+01
9.511758375269184995e+00,4.199224913603064380e+00
2.663747111343386376e+00,1.005790548753929237e+01
4.292389291225502390e+00,-2.474212833669557909e-01
2.917788218428924107e+00,6.103509239955393184e+00
8.481339483888028496e+00,7.161477079561572978e+00
8.544125458743970114e+00,1.007693067672243536e+00
1.098029707594001891e+01,7.156263410712799811e+00
7.290216731660114746e+00,3.238417935148786952e+00
9.470954520841088353e+00,4.373426144187886777e+00
7.946907590187318071e+00,1.539425392816892391e+00
7.421376064559300545e+00,6.884940301880378755e+00
6.658736465376320801e+00,6.372919571675071282e+00
4.130998734810317430e+00,1.310625015441851104e+01
9.134177363956652584e+00,1.306831732286519276e+00
4.904363805545381538e+00,1.057602756543206191e+01
9.933897259037088645e+00,9.965212473035709451e+00
4.385906104040675046e+00,2.923935083958836945e+00
3.944150718816572088e+00,3.769343308558213756e+00
9.611944856487872002e+00,3.014326783238826746e+00
6.963509834613906158e+00,6.379149761407532537e+00
5.569791250005033056e+00,6.680033124465880157e+00
2.502537547532380557e+00,7.327968684103719710e+00
6.702008163431995236e+00,3.942103304803626695e+00
4.042789098666601078e+00,3.417213456438808805e+00
5.316896965502219352e+00,7.667022308837255551e+00
5.694849284463545658e+00,9.246834792934533809e+00
5.405483181987827734e+00,2.165908921803857634e+00
1.224540494728113771e+01,4.774349052651535530e+00
5.872968563970399458e+00,6.829632075185273266e+00
7.534981384336370880e+00,6.648982043614035220e+00
5.586987413436621530e+00,2.480846284929439260e+00
3.099686388761659916e+00,3.036891483435050887e+00
1.011502180263402018e+01,1.162027535606099171e+00
1.148342166203192960e+00,9.350174576541139260e+00
6.752715760307816062e+00,4.623550716996238208e+00
7.728019374406910558e+00,4.532366772954132372e+00
6.610879000850782283e+00,9.448354972615804925e+00
5.254288313191590731e+00,1.654497085616126739e+00
5.332519602335475284e+00,6.452581852189010370e+00
1.071446499975162503e+01,6.135101709774063217e+00
8.966361978830061474e+00,4.833699866730884587e+00
1.560457070547822234e+00,8.785511142045427491e+00
9.284236488633830220e+00,8.805384811158901925e+00
2.476735006073197187e+00,8.512925486715026580e+00
7.070318124261068427e+00,4.408297072366682556e+00
3.542928327727684845e+00,8.812872065776447883e+00
3.482907211556633520e+00,8.447710391232911675e+00
6.766375913828229116e+00,9.953784170205286941e+00
6.333827611796482238e+00,1.730940100971132267e+00
1.313235112332279897e+01,-7.695777344094407724e-01
9.804926632593971902e+00,1.203400266803733487e+01
4.141103545927776963e+00,8.301690247615018947e+00
5.122607255220794187e+00,9.994057437032656921e+00
9.866302822190316846e+00,8.879175719651964727e+00
5.874578950996105497e+00,2.286189919941342019e+00
2.503907090915430622e+00,5.420836149969608719e+00
9.192341708295879599e+00,5.387731111043011722e+00
2.717217201049868081e+00,1.068162514890630455e+01
6.359654968943493358e+00,7.596837411330604084e+00
2.960203290235322804e+00,1.187558711122971467e+01
7.164809145045060390e+00,2.240232261712046480e+00
6.493466115388619286e+00,8.188524915255626979e+00
8.977196990910446317e+00,5.907532381630287155e+00
8.959796572690974514e+00,2.711111269465544815e+00
5.113828422001535756e+00,5.576226860351011894e+00
4.463779273042263185e+00,4.977877123335102461e+00
2.269058635880638164e+00,6.605524583003862027e+00
4.697883860391645072e+00,1.123222366017072993e+01
7.597372678015689829e+00,1.500758235497801962e+00
3.565740528410364263e+00,-4.780903371263063306e+00
3.437964773451193778e+00,7.134177378110229562e+00
8.147155928967169558e+00,1.007696640261277921e+01
9.545467794337662681e+00,5.765101320158271925e+00
4.163750438782870766e+00,1.077103754341489328e+01
8.141276282429975808e+00,7.285222944710019632e+00
3.485864304945789804e+00,7.006992637802233581e+00
4.550330637218870322e+00,9.840236945510307365e+00
7.673098073532738539e+00,3.664669079381944972e+00
4.777782581718252430e+00,5.805162322399654684e+00
5.329361393597565666e+00,8.969566946324309953e+00
7.942916148412650479e+00,9.103893835480999286e+00
4.892686982968593057e+00,8.767455744212826474e+00
1.082482755245706940e+01,1.146610200221838305e+01
6.044206098958790463e+00,7.684659841483194143e+00
6.678271028505742279e+00,1.142825961889927022e+00
7.055420007153300865e+00,1.785131877946595225e+00
2.267681878679846275e+00,4.109068061210127354e+00
1.027272806916545989e-01,7.389709380660933746e+00
9.271026477145907663e+00,1.104112765320227751e+01
4.991957877901956664e+00,5.215873176818194956e+00
8.557128734069252118e+00,1.400196349669148077e+00
3.178113131204546082e+00,9.244554870368784094e-01
1.832653400588135639e-01,3.694259801109056607e+00
9.479994581584820779e+00,6.568030777470255543e+00
2.548086830296427241e+00,6.221291420290038232e+00
3.037191188504517747e+00,6.455973968333748481e+00
7.961660190227155987e+00,4.437357618666080583e+00
2.234806150652685286e+00,2.746524142744467323e+00
1.175542804878430658e+01,3.437245377651272804e+00
-8.105368992287633745e-01,7.968400263096726555e+00
6.594994588717186801e+00,5.166268445943282828e+00
7.453364716050880467e+00,1.525279133314731439e+01
6.052564799118663075e+00,3.328073356104278790e+00
5.163509079350327546e+00,8.108493753142051119e+00
5.370481299041287571e+00,8.077874982177974061e+00
3.807979965605380546e+00,6.361465578773242591e+00
1.066537634712688387e+01,6.195164356760481716e+00
6.182702459923857141e+00,-2.088166086688580947e-01
2.251847926475967654e+00,1.609358197988972705e+01
-2.219791283570309304e-01,1.051940936866965970e+01
6.838898383238166900e+00,4.913721555368519844e-01
4.472027431471133241e+00,4.602012003236074733e+00
8.365864453281730562e+00,3.794452857202671670e+00
1.242088260489992102e+00,6.762345209271829027e+00
8.043362249237128836e+00,3.060720242659289436e+00
5.140305360811387558e+00,1.216863104464498591e+01
6.318420106559323735e+00,4.286058499622932061e+00
8.716073188419585449e+00,7.096010159010447182e+00
4.542493791891004662e+00,5.741827083259863684e+00
3.414041012598567626e+00,7.522953217362886136e+00
1.667825974607666240e+00,1.052797124899311143e+01
4.313725600209918909e+00,6.885414518937792216e+00
-4.255610957887512313e-01,6.869203088582654715e+00
5.179839898814406318e+00,5.412574710078798645e+00
1.057110470201713959e+01,4.481406729085500196e+00
5.649853758148307037e+00,1.727931684481537999e+00
1.137955690677849674e+01,6.970723123502437168e+00
4.837638213283422139e+00,6.318910561894642619e+00
3.362169106757021630e+00,8.864570545084347941e+00
3.249027314853503157e+00,2.435877874793117126e+00
5.022339332021044989e+00,6.974113019588010332e+00
7.674829492633126193e+00,1.138362117912884131e+01
5.867239015829874837e+00,1.009107999691521051e+01
6.644600509687433210e+00,8.353075556664233403e+00
4.670374176818899770e+00,7.129863461197775365e+00
8.177251434568571398e+00,6.527429749338739207e+00
3.085017341558348392e+00,2.778087516140405278e+00
1.066983693310903902e+01,9.493934215307664459e+00
5.895238976952051679e+00,9.261064270490990680e+00
5.074413787140711563e+00,5.142087380909501348e+00
3.080507746185453755e+00,6.799097889072895917e+00
8.200783682449481304e+00,1.081213350323564093e+01
9.440510790444651690e+00,9.481112957416980791e+00
6.122100951334125796e+00,1.946598167605413821e+00
5.349302258882866923e+00,4.361073059588068901e+00
6.240466902983586195e+00,2.383365100633588529e+00
1.073001513792958406e+01,1.096388748469195029e+01
4.006370433763141392e+00,1.134950012500285155e+01
2.825588314420034219e+00,4.829021272721414348e+00
5.529223986956521841e+00,4.922878009078466732e+00
5.378401640934736605e+00,7.701380543682481594e+00
1.033118621011665539e+01,3.818912223786956606e+00
6.432883768346226105e+00,9.852991176731348943e+00
6.429029051067880474e+00,8.563897090274371848e+00
2.870126647806417797e+00,5.328903026385595432e+00
4.743704188566437274e+00,8.390532981585780092e+00
2.288406018436325517e+00,8.248038770760960148e+00
5.908684471018161410e+00,2.315267543094066571e+00
5.783224273282335126e+00,5.321583500350044460e+00
1.062095872777284988e+01,8.535489516359971773e+00
8.901488249330105518e+00,6.683971979788672968e+00
5.026484408134445303e+00,6.368724381442785187e+00
6.300488980969792152e+00,5.441686503141179188e+00
1.227597957194727485e+01,3.724026832135565179e+00
8.567789946188185013e+00,4.671197672120610100e+00
5.938290891019459394e+00,1.465326995528766396e+01
9.875840152498373214e+00,3.903532389117263968e+00
2.552231689545834126e+00,1.019942322301889348e+01
1.004735907965049968e+01,6.779825862674069725e+00
4.022233642615815619e+00,9.154476407363738133e+00
3.669537129628608341e-01,7.493094380557123735e+00
8.071602160812961557e+00,9.585799969147602795e+00
1.201104944800686525e+00,9.153694349180685919e+00
1.353665726643062506e+01,5.446763306351885880e+00
6.182982617617611254e+00,1.244135097498882558e+01
1.599511278935569436e+00,-9.678395268981825339e-01
7.651695246759714131e+00,6.038793327090555607e+00
2.120712476872473662e+00,5.326680495717674546e+00
4.973597858412023065e+00,8.170203451587166654e+00
6.905257099626611605e+00,3.707919520294386651e+00
4.926393348618647750e+00,4.849623145182591522e+00
6.174926831399636384e+00,1.980487389787550789e+00
1.076781093554890489e+01,-1.604286061238162198e+00
1.190363037688421244e+01,5.553773316530390858e+00
6.907949310433368240e+00,3.484773400475818406e+00
1.169024567500204448e+01,9.333108672696560859e+00
4.855375622143821346e+00,3.774851663219260800e-01
5.104954004234713238e+00,6.618703717522782526e+00
7.522164843282839186e+00,7.709640648664254137e+00
4.555636864039461997e+00,4.309388352084205565e+00
1.172566539883751524e+01,5.653342570994409400e+00
5.925233856337426275e+00,5.326373091122722059e+00
6.418215300048730754e+00,3.421423818908184256e+00
6.646899077833862357e+00,7.510362957101494708e+00
1.056690201686084762e+01,7.506994605708353419e+00
7.800878765563835415e+00,2.220689586845634889e+00
5.962064115821988253e+00,6.545077038115731050e+00
2.924388060303623860e+00,8.579633321809012614e+00
6.383033498538738471e+00,2.506540353790614795e+00
4.803663699898581108e+00,1.158271889716013803e+01
1.447084267568223837e-01,6.244106978868945390e+00
5.696045824028289850e+00,8.873946513333134334e+00
7.540054061806511498e+00,2.112342252864717551e+00
1.113966362712879743e+01,9.534900627908953652e+00
-3.605852040643451772e+00,8.165997038058989688e+00
5.657348817150873010e+00,5.785431377023092736e+00
2.560802295448709742e-01,6.520279609930437204e+00
7.658015673292985603e+00,3.032969931094851024e+00
8.758191068888217856e+00,3.429451035268024306e+00
3.627801051186168024e+00,7.242700797515916555e+00
5.643354323179183396e+00,8.933870959938126077e+00
7.122488110834258812e+00,1.027219661332240896e+01
5.064453555276625885e+00,6.350238682868306839e+00
5.870150319314205056e+00,4.677535950127047926e+00
3.463569334500560259e-01,9.355771140275285447e+00
7.519908580251506436e+00,2.045156465966640802e+00
7.292819425172357484e+00,6.896046552452069989e+00
5.442418558407023710e+00,3.414115447467003683e+00
8.593634232743024626e+00,8.898835603979168951e+00
4.580960055821413413e+00,1.041890413144918526e+01
5.927606159910332018e+00,2.781985528134597541e+00
1.663966615622967105e+00,4.750761191683588791e+00
6.228358444339980871e+00,-1.526929043605596448e+00
6.704278247621303422e+00,1.088642084480181360e+01
7.138165167365286834e+00,1.041438784725956523e+01
2.803618178007433404e+00,9.573302304894703241e+00
6.073846992047379878e+00,6.925885110381411636e+00
8.740238071687407739e+00,3.888157253105431810e+00
1.409751228592685557e+01,-6.996756809090918239e-01
2.308684614993517403e+00,5.936290162858359309e+00
2.278001781038546447e+00,2.366347815209675964e+00
4.579339560800984366e+00,5.879353872890125565e+00
1.864600795555299229e+00,3.399478959651299093e+00
6.890689887763980614e+00,9.784468608822365354e+00
9.701363027859322585e+00,7.348873830025812737e-01
9.370975130488652383e+00,2.778721785136834210e+00
5.502507280834575631e+00,1.229136946336732805e+01
8.847876901677798500e+00,5.720584137268132530e+00
8.386768125879269675e+00,6.274477165947719648e+00
5.432655789433894711e+00,3.292615312136293770e+00
4.147456084034053525e+00,9.750683702863472746e+00
8.790006396246393905e+00,4.641448991893112108e+00
5.528841873359088943e+00,2.154915745112848668e-01
-3.225412920971928443e-01,8.599809421934576648e+00
7.504330051293809589e+00,3.162272986392987928e+00
7.894851394633760400e+00,3.653630059046003353e+00
5.866539927569889734e+00,1.293038708777549850e+01
9.732425688547312603e+00,2.683335574770244758e+00
2.264592490769822941e+00,7.443095912042055673e+00
6.520973708764410404e+00,-1.261640709065557253e+00
6.117627499671343116e+00,7.141897197125498309e+00
8.545734957473506199e+00,5.791555618435812569e+00
6.242037331125097843e+00,1.025867313442291362e+01
7.045621981080886442e+00,4.440289153901559871e+00
5.961616731138507319e+00,7.650516403962114076e+00
5.367918374496721157e+00,5.133470375590613699e+00
3.341151484811529127e+00,5.945231533508500199e+00
5.080749680603900309e+00,1.318971618620096109e+01
8.828059857431815871e+00,4.952737350650400217e+00
7.252624483339721984e+00,1.053270287595181642e+01
5.826598305007896883e+00,4.555483912747765984e+00
4.835967536208730877e+00,9.491134214949674686e+00
4.788796796773310049e+00,1.427633267437565578e+01
1.019892134507254156e+01,3.679090561478665311e+00
7.960252821993056394e+00,4.804155738694962707e+00
6.324178802476216887e+00,7.647518189373503361e-01
4.997816174421257251e+00,3.658630431460774712e+00
5.098326571672765262e+00,5.502035947280774941e+00
1.194286692187689347e+00,1.103933422776239226e+01
9.072421574765401786e+00,9.235383092741805910e+00
8.485370130601493699e+00,4.936602234740728790e+00
1.078717762273326564e+01,1.747909062042266370e+00
5.556724598837820217e+00,9.798999087531196750e+00
7.726597211155887379e+00,5.175572751670171279e+00
4.123259349019818387e+00,7.492046421308396376e+00
3.942676816547550089e-01,7.054631245210362778e+00
4.575763624431391285e+00,3.958907124928741972e+00
5.399105467868492880e+00,8.361831979277619453e+00
5.143176773350317532e+00,6.768580188770085826e+00
6.587640091942529530e+00,2.503740071972148318e+00
-5.406120968165888385e-01,1.076069970503673900e+01
3.139206774701719826e+00,4.444923075638706145e+00
6.380779616713713409e+00,2.354666849144844143e+00
5.295245021818097086e+00,6.411931448558070734e+00
1.163123947544267622e+01,4.356944443917800669e+00
1.343052058086312961e+01,4.884072601206174369e+00
7.100598819302075704e+00,4.599869730627929698e+00
1.939666471475505638e+00,2.543919766483763389e+00
6.334732379813847736e+00,1.088743602727547710e+01
4.938259839965695619e+00,5.386314998928575015e+00
8.739899990055350898e+00,6.182956425090482711e+00
9.713379967504975454e+00,9.395485685270829279e+00
7.630542845105581229e+00,7.108969163474014863e-01
1.028253143389243007e+01,5.892720148492877286e+00
6.845973063918849633e+00,8.992970229816981131e+00
2.796613504413584028e+00,5.266108569693729535e+00
1.895171389369511239e+00,1.066814955764667872e+01
4.744538566766897780e+00,6.706050860450261553e+00
4.725965581948806005e+00,-1.842288448912117182e+00
2.762384313896472765e+00,2.975375667763781706e+00
2.618121796534780721e+00,1.243261665871361288e+01
4.399172056293902955e+00,1.009022041313958695e+01
5.933064565821699610e+00,6.991398958097825300e+00
7.970133193310333652e+00,4.351335222804268987e+00
6.455008484667865254e+00,1.083556934928151350e+01
8.055024582139347800e+00,6.870083881326618958e+00
8.494031301107611398e+00,1.367030712093888489e+00
5.936660568770141921e+00,-4.590679435012603449e-01
